product,size,asin,price,img,description
SO Peppermint 2oz,2oz,B00OEICOU8,8.99,https://397-images.s3.amazonaws.com/sun_organic/sun_essential_oils/SEO_label_Peppermint_2oz_v1.jpg,Peppermint in a 2oz glass essential oil bottle. Comes with pipette for your convenience.
SO Peppermint 4oz,4oz,B00OEIBJRW,12.99,https://397-images.s3.amazonaws.com/sun_organic/sun_essential_oils/SEO_label_Peppermint_4oz_v1.jpg,Peppermint in a 4oz glass essential oil bottle. Comes with pipette for your convenience.
SO Frankincense 2oz,2oz,B00P6V0PSA,19.99,https://397-images.s3.amazonaws.com/sun_organic/sun_essential_oils/SEO_label_Frankincense_2oz_v1.jpg,Frankincense in a 2oz glass essential oil bottle. Comes with pipette for your convenience.
SO Frankincense 4oz,4oz,B00P6V0POO,29.99,https://397-images.s3.amazonaws.com/sun_organic/sun_essential_oils/SEO_label_Frankincense_4oz_v1.jpg,Frankincense in a 4oz glass essential oil bottle. Comes with pipette for your convenience.
SO French Lavender 2oz,2oz,B00P6V0POE,18.99,https://397-images.s3.amazonaws.com/sun_organic/sun_essential_oils/SEO_label_FrenchLavender_2oz_v1.jpg,French Lavender in a 2oz glass essential oil bottle. Comes with pipette for your convenience.
SO French Lavender 4oz,4oz,B00P6V0PPS,16.59,https://397-images.s3.amazonaws.com/sun_organic/sun_essential_oils/SEO_label_FrenchLavender_4oz_v1.jpg,French Lavender in a 4oz glass essential oil bottle. Comes with pipette for your convenience.
SO French Lavender 8oz,8oz,B00RY7BGJQ,37.99,https://397-images.s3.amazonaws.com/sun_organic/sun_essential_oils/SEO_label_FrenchLavender_8oz_v1.jpg,French Lavender in a 8oz glass essential oil bottle. Comes with pipette for your convenience.
SO French Lavender 16oz,16oz,B00RY7BF8S,59.99,https://397-images.s3.amazonaws.com/sun_organic/sun_essential_oils/SEO_label_FrenchLavender_16oz_v1.jpg,French Lavender in a 16oz glass essential oil bottle. Comes with pipette for your convenience.
SO Tea Tree 2oz,2oz,B00PHVXINI,9.99,https://397-images.s3.amazonaws.com/sun_organic/sun_essential_oils/SEO_label_TeaTree_2oz_v1.jpg,Tea Tree in a 2oz glass essential oil bottle. Comes with pipette for your convenience.
SO Tea Tree 4oz,4oz,B00PHVXIQA,20.99,https://397-images.s3.amazonaws.com/sun_organic/sun_essential_oils/SEO_label_TeaTree_4oz_v1.jpg,Tea Tree in a 4oz glass essential oil bottle. Comes with pipette for your convenience.
SO Tea Tree 8oz,8oz,B00RY7CR6W,28.99,https://397-images.s3.amazonaws.com/sun_organic/sun_essential_oils/SEO_label_TeaTree_8oz_v1.jpg,Tea Tree in a 8oz glass essential oil bottle. Comes with pipette for your convenience.
SO Tea Tree 16oz,16oz,B00RY7CPP0,49.99,https://397-images.s3.amazonaws.com/sun_organic/sun_essential_oils/SEO_label_TeaTree_16oz_v1.jpg,Tea Tree in a 16oz glass essential oil bottle. Comes with pipette for your convenience.
SO Eucalyptus 2oz,2oz,B00PHVXIO2,11.99,https://397-images.s3.amazonaws.com/sun_organic/sun_essential_oils/SEO_label_Eucalyptus_2oz_v1.jpg,Eucalyptus in a 2oz glass essential oil bottle. Comes with pipette for your convenience.
SO Eucalyptus 4oz,4oz,B00PHVXIME,20.99,https://397-images.s3.amazonaws.com/sun_organic/sun_essential_oils/SEO_label_Eucalyptus_4oz_v1.jpg,Eucalyptus in a 4oz glass essential oil bottle. Comes with pipette for your convenience.
SO Eucalyptus 8oz,8oz,B00RY7B9AM,28.99,https://397-images.s3.amazonaws.com/sun_organic/sun_essential_oils/SEO_label_Eucalyptus_8oz_v1.jpg,Eucalyptus in a 8oz glass essential oil bottle. Comes with pipette for your convenience.
SO Eucalyptus 16oz,16oz,B00RY7B7OA,49.99,https://397-images.s3.amazonaws.com/sun_organic/sun_essential_oils/SEO_label_Eucalyptus_16oz_v1.jpg,Eucalyptus in a 16oz glass essential oil bottle. Comes with pipette for your convenience.
SO Lemongrass 2oz,2oz,B00PHVXIQ0,10,https://397-images.s3.amazonaws.com/sun_organic/sun_essential_oils/SEO_label_Lemongrass_2oz_v1.jpg,Lemongrass in a 2oz glass essential oil bottle. Comes with pipette for your convenience.
SO Lemongrass 4oz,4oz,B00PHLPK1G,14.99,https://397-images.s3.amazonaws.com/sun_organic/sun_essential_oils/SEO_label_Lemongrass_4oz_v1.jpg,Lemongrass in a 4oz glass essential oil bottle. Comes with pipette for your convenience.
SO Lemongrass 8oz,8oz,B00RY7C1O0,28.99,https://397-images.s3.amazonaws.com/sun_organic/sun_essential_oils/SEO_label_Lemongrass_8oz_v1.jpg,Lemongrass in a 8oz glass essential oil bottle. Comes with pipette for your convenience.
SO Lemongrass 16oz,16oz,B00RY7C082,49.99,https://397-images.s3.amazonaws.com/sun_organic/sun_essential_oils/SEO_label_Lemongrass_16oz_v1.jpg,Lemongrass in a 16oz glass essential oil bottle. Comes with pipette for your convenience.
SO Patchouli 2oz,2oz,B00PHVXIKG,10.99,https://397-images.s3.amazonaws.com/sun_organic/sun_essential_oils/SEO_label_Patchouli_2oz_v1.jpg,Patchouli in a 2oz glass essential oil bottle. Comes with pipette for your convenience.
SO Patchouli 4oz,4oz,B00PHVXMK2,14.99,https://397-images.s3.amazonaws.com/sun_organic/sun_essential_oils/SEO_label_Patchouli_4oz_v1.jpg,Patchouli in a 4oz glass essential oil bottle. Comes with pipette for your convenience.
SO Patchouli 8oz,8oz,B00RY9WQJS,44.99,https://397-images.s3.amazonaws.com/sun_organic/sun_essential_oils/SEO_label_Patchouli_8oz_v1.jpg,Patchouli in a 8oz glass essential oil bottle. Comes with pipette for your convenience.
SO Patchouli 16oz,16oz,B00RY9WNQY,79.99,https://397-images.s3.amazonaws.com/sun_organic/sun_essential_oils/SEO_label_Patchouli_16oz_v1.jpg,Patchouli in a 16oz glass essential oil bottle. Comes with pipette for your convenience.
SO Geranium 2oz,2oz,B00UXSGQRU,19.99,https://397-images.s3.amazonaws.com/sun_organic/sun_essential_oils/SEO_label_Geranium_2oz_v1.jpg,Geranium (Egypt) in a 2oz glass essential oil bottle. Comes with pipette for your convenience.
SO Geranium 4oz,4oz,B00PHVXILA,29.99,https://397-images.s3.amazonaws.com/sun_organic/sun_essential_oils/SEO_label_Geranium_4oz_v1.jpg,Geranium (Egypt) in a 4oz glass essential oil bottle. Comes with pipette for your convenience.
SO Geranium 8oz,8oz,B00RY7BTJ8,54.99,https://397-images.s3.amazonaws.com/sun_organic/sun_essential_oils/SEO_label_Geranium_8oz_v1.jpg,Geranium (Egypt) in a 8oz glass essential oil bottle. Comes with pipette for your convenience.
SO Geranium 16oz,16oz,B00RY7BS5S,99.99,https://397-images.s3.amazonaws.com/sun_organic/sun_essential_oils/SEO_label_Geranium_16oz_v1.jpg,Geranium (Egypt) in a 16oz glass essential oil bottle. Comes with pipette for your convenience.
SO Ylang Ylang 2oz,2oz,B00PHVXIM4,12.99,https://397-images.s3.amazonaws.com/sun_organic/sun_essential_oils/SEO_label_YlangYlang_2oz_v1.jpg,Ylang Ylang in a 2oz glass essential oil bottle. Comes with pipette for your convenience.
SO Ylang Ylang 4oz,4oz,B00PHVXIRE,17.99,https://397-images.s3.amazonaws.com/sun_organic/sun_essential_oils/SEO_label_YlangYlang_4oz_v1.jpg,Ylang Ylang in a 4oz glass essential oil bottle. Comes with pipette for your convenience.
SO Ylang Ylang 8oz,8oz,B00RY7D158,54.99,https://397-images.s3.amazonaws.com/sun_organic/sun_essential_oils/SEO_label_YlangYlang_8oz_v1.jpg,Ylang Ylang in a 8oz glass essential oil bottle. Comes with pipette for your convenience.
SO Ylang Ylang 16oz,16oz,B00RY7CZ50,99.99,https://397-images.s3.amazonaws.com/sun_organic/sun_essential_oils/SEO_label_YlangYlang_16oz_v1.jpg,Ylang Ylang in a 16oz glass essential oil bottle. Comes with pipette for your convenience.
SO Thyme 2oz,2oz,B00PHVXIOW,14.99,https://397-images.s3.amazonaws.com/sun_organic/sun_essential_oils/SEO_label_ThymeWhite_2oz_v1.jpg,Thyme in a 2oz glass essential oil bottle. Comes with pipette for your convenience.
SO Thyme 4oz,4oz,B00PHVXIL0,24.99,https://397-images.s3.amazonaws.com/sun_organic/sun_essential_oils/SEO_label_ThymeWhite_4oz_v1.jpg,Thyme in a 4oz glass essential oil bottle. Comes with pipette for your convenience.
SO Thyme 8oz,8oz,B00RY7CTEW,44.99,https://397-images.s3.amazonaws.com/sun_organic/sun_essential_oils/SEO_label_ThymeWhite_8oz_v1.jpg,Thyme in a 8oz glass essential oil bottle. Comes with pipette for your convenience.
SO Thyme 16oz,16oz,B00RY7CSH0,79.99,https://397-images.s3.amazonaws.com/sun_organic/sun_essential_oils/SEO_label_ThymeWhite_16oz_v1.jpg,Thyme in a 16oz glass essential oil bottle. Comes with pipette for your convenience.
SO Orange 2oz,2oz,B00PHVXIN8,7.99,https://397-images.s3.amazonaws.com/sun_organic/sun_essential_oils/SEO_label_Orange_2oz_v1.jpg,Sweet Orange in a 2oz glass essential oil bottle. Comes with pipette for your convenience.
SO Orange 4oz,4oz,,,,
SO Orange 8oz,8oz,B00RY9WVEI,28.99,https://397-images.s3.amazonaws.com/sun_organic/sun_essential_oils/SEO_label_Orange_8oz_v1.jpg,Sweet Orange in a 8oz glass essential oil bottle. Comes with pipette for your convenience.
SO Orange 16oz,16oz,B00RY9WT2W,49.99,https://397-images.s3.amazonaws.com/sun_organic/sun_essential_oils/SEO_label_Orange_16oz_v1.jpg,Sweet Orange in a 16oz glass essential oil bottle. Comes with pipette for your convenience.
SO Clary Sage 2oz,2oz,B00PTL0KKU,20.99,https://397-images.s3.amazonaws.com/sun_organic/sun_essential_oils/SEO_label_ClarySage_2oz_v1.jpg,Clary Sage in a 2oz glass essential oil bottle. Comes with pipette for your convenience.
SO Clary Sage 4oz,4oz,B00PHLPK16,24.99,https://397-images.s3.amazonaws.com/sun_organic/sun_essential_oils/SEO_label_ClarySage_4oz_v1.jpg,Clary Sage in a 4oz glass essential oil bottle. Comes with pipette for your convenience.
SO Clary Sage 8oz,8oz,B00RY7AYW6,44.99,https://397-images.s3.amazonaws.com/sun_organic/sun_essential_oils/SEO_label_ClarySage_8oz_v1.jpg,Clary Sage in a 8oz glass essential oil bottle. Comes with pipette for your convenience.
SO Clary Sage 16oz,16oz,B00RY7AWNW,79.99,https://397-images.s3.amazonaws.com/sun_organic/sun_essential_oils/SEO_label_ClarySage_16oz_v1.jpg,Clary Sage in a 16oz glass essential oil bottle. Comes with pipette for your convenience.
SO Myrrh 2oz,2oz,B00QKTG7DE,29.99,https://397-images.s3.amazonaws.com/sun_organic/sun_essential_oils/SEO_label_Myrrh_2oz_v1.jpg,Myrrh in a 2oz glass essential oil bottle. Comes with pipette for your convenience.
SO Myrrh 4oz,4oz,B00QKTG7CA,49.99,https://397-images.s3.amazonaws.com/sun_organic/sun_essential_oils/SEO_label_Myrrh_4oz_v1.jpg,Myrrh in a 4oz glass essential oil bottle. Comes with pipette for your convenience.
SO Myrrh 8oz,8oz,B00RY7CIG6,89.99,https://397-images.s3.amazonaws.com/sun_organic/sun_essential_oils/SEO_label_Myrrh_8oz_v1.jpg,Myrrh in a 8oz glass essential oil bottle. Comes with pipette for your convenience.
SO Myrrh 16oz,16oz,B00RY9WNS2,159.99,https://397-images.s3.amazonaws.com/sun_organic/sun_essential_oils/SEO_label_Myrrh_16oz_v1.jpg,Myrrh in a 16oz glass essential oil bottle. Comes with pipette for your convenience.
SO Rosemary 2oz,2oz,B00R8GX6WI,13.99,https://397-images.s3.amazonaws.com/sun_organic/sun_essential_oils/SEO_label_Rosemary_2oz_v1.jpg,Rosemary in a 2oz glass essential oil bottle. Comes with pipette for your convenience.
SO Rosemary 4oz,4oz,B00R8GX6UU,14.99,https://397-images.s3.amazonaws.com/sun_organic/sun_essential_oils/SEO_label_Rosemary_4oz_v1.jpg,Rosemary in a 4oz glass essential oil bottle. Comes with pipette for your convenience.
SO Rosemary 8oz,8oz,B00RY7CKZU,28.99,https://397-images.s3.amazonaws.com/sun_organic/sun_essential_oils/SEO_label_Rosemary_8oz_v1.jpg,Rosemary in a 8oz glass essential oil bottle. Comes with pipette for your convenience.
SO Rosemary 16oz,16oz,B00RY7CJU6,49.99,https://397-images.s3.amazonaws.com/sun_organic/sun_essential_oils/SEO_label_Rosemary_16oz_v1.jpg,Rosemary in a 16oz glass essential oil bottle. Comes with pipette for your convenience.
SO Lemon 2oz,2oz,B00R8GX5YM,10,https://397-images.s3.amazonaws.com/sun_organic/sun_essential_oils/SEO_label_Lemon_2oz_v1.jpg,Lemon in a 2oz glass essential oil bottle. Comes with pipette for your convenience.
SO Lemon 4oz,4oz,B00R8GX5QK,12.49,https://397-images.s3.amazonaws.com/sun_organic/sun_essential_oils/SEO_label_Lemon_4oz_v1.jpg,Lemon in a 4oz glass essential oil bottle. Comes with pipette for your convenience.
SO Lemon 8oz,8oz,B00RY7BYSY,28.99,https://397-images.s3.amazonaws.com/sun_organic/sun_essential_oils/SEO_label_Lemon_8oz_v1.jpg,Lemon in a 8oz glass essential oil bottle. Comes with pipette for your convenience.
SO Lemon 16oz,16oz,B00RY7BXQC,49.99,https://397-images.s3.amazonaws.com/sun_organic/sun_essential_oils/SEO_label_Lemon_16oz_v1.jpg,Lemon in a 16oz glass essential oil bottle. Comes with pipette for your convenience.
SO Wintergreen 2oz,2oz,B00R8GX5RY,10,https://397-images.s3.amazonaws.com/sun_organic/sun_essential_oils/SEO_label_Wintergreen_2oz_v1.jpg,Wintergreen in a 2oz glass essential oil bottle. Comes with pipette for your convenience.
SO Wintergreen 4oz,4oz,B00R8GX5WO,14.99,https://397-images.s3.amazonaws.com/sun_organic/sun_essential_oils/SEO_label_Wintergreen_4oz_v1.jpg,Wintergreen in a 4oz glass essential oil bottle. Comes with pipette for your convenience.
SO Wintergreen 8oz,8oz,B00RY7CXUM,28.99,https://397-images.s3.amazonaws.com/sun_organic/sun_essential_oils/SEO_label_Wintergreen_8oz_v1.jpg,Wintergreen in a 8oz glass essential oil bottle. Comes with pipette for your convenience.
SO Wintergreen 16oz,16oz,B00RY7CWNU,49.99,https://397-images.s3.amazonaws.com/sun_organic/sun_essential_oils/SEO_label_Wintergreen_16oz_v1.jpg,Wintergreen in a 16oz glass essential oil bottle. Comes with pipette for your convenience.
SO Juniper 2oz,2oz,B00R8GX5XI,19.99,https://397-images.s3.amazonaws.com/sun_organic/sun_essential_oils/SEO_label_JuniperBerry_2oz_v1.jpg,Juniper Berry in a 2oz glass essential oil bottle. Comes with pipette for your convenience.
SO Juniper 4oz,4oz,B00R8GX5SI,29.99,https://397-images.s3.amazonaws.com/sun_organic/sun_essential_oils/SEO_label_JuniperBerry_4oz_v1.jpg,Juniper Berry in a 4oz glass essential oil bottle. Comes with pipette for your convenience.
SO Juniper 8oz,8oz,B00RY7BW7W,54.99,https://397-images.s3.amazonaws.com/sun_organic/sun_essential_oils/SEO_label_JuniperBerry_8oz_v1.jpg,Juniper Berry in a 8oz glass essential oil bottle. Comes with pipette for your convenience.
SO Juniper 16oz,16oz,B00RY7BUJ2,99.99,https://397-images.s3.amazonaws.com/sun_organic/sun_essential_oils/SEO_label_JuniperBerry_16oz_v1.jpg,Juniper Berry in a 16oz glass essential oil bottle. Comes with pipette for your convenience.
SO Ginger 2oz,2oz,B00R8GX5YC,14.99,https://397-images.s3.amazonaws.com/sun_organic/sun_essential_oils/SEO_label_Ginger_2oz_v1.jpg,Ginger in a 2oz glass essential oil bottle. Comes with pipette for your convenience.
SO Ginger 4oz,4oz,B00R8GX5T2,24.99,https://397-images.s3.amazonaws.com/sun_organic/sun_essential_oils/SEO_label_Ginger_4oz_v1.jpg,Ginger in a 4oz glass essential oil bottle. Comes with pipette for your convenience.
SO Ginger 8oz,8oz,B00RY7BNG2,44.99,https://397-images.s3.amazonaws.com/sun_organic/sun_essential_oils/SEO_label_Ginger_8oz_v1.jpg,Ginger in a 8oz glass essential oil bottle. Comes with pipette for your convenience.
SO Ginger 16oz,16oz,B00RY7BLAK,79.99,https://397-images.s3.amazonaws.com/sun_organic/sun_essential_oils/SEO_label_Ginger_16oz_v1.jpg,Ginger in a 16oz glass essential oil bottle. Comes with pipette for your convenience.
SO Grapefruit 2oz,2oz,B00R8GX64G,9.99,https://397-images.s3.amazonaws.com/sun_organic/sun_essential_oils/SEO_label_Grapefruit_2oz_v1.jpg,Grapefruit in a 2oz glass essential oil bottle. Comes with pipette for your convenience.
SO Grapefruit 4oz,4oz,B00R8GX5TM,14.99,https://397-images.s3.amazonaws.com/sun_organic/sun_essential_oils/SEO_label_Grapefruit_4oz_v1.jpg,Grapefruit in a 4oz glass essential oil bottle. Comes with pipette for your convenience.
SO Grapefruit 8oz,8oz,B00RY7BQPA,28.99,https://397-images.s3.amazonaws.com/sun_organic/sun_essential_oils/SEO_label_Grapefruit_8oz_v1.jpg,Grapefruit in a 8oz glass essential oil bottle. Comes with pipette for your convenience.
SO Grapefruit 16oz,16oz,B00RY7BP7E,49.99,https://397-images.s3.amazonaws.com/sun_organic/sun_essential_oils/SEO_label_Grapefruit_16oz_v1.jpg,Grapefruit in a 16oz glass essential oil bottle. Comes with pipette for your convenience.
SO Clove 2oz,2oz,B00R8GX5UG,10.99,https://397-images.s3.amazonaws.com/sun_organic/sun_essential_oils/SEO_label_Clove_2oz_v1.jpg,Clove in a 2oz glass essential oil bottle. Comes with pipette for your convenience.
SO Clove 4oz,4oz,B00R8GX5UQ,14.99,https://397-images.s3.amazonaws.com/sun_organic/sun_essential_oils/SEO_label_Clove_4oz_v1.jpg,Clove in a 4oz glass essential oil bottle. Comes with pipette for your convenience.
SO Clove 8oz,8oz,B00S5FH13Q,49.99,https://397-images.s3.amazonaws.com/sun_organic/sun_essential_oils/SEO_label_Clove_8oz_v1.jpg,Clove in a 8oz glass essential oil bottle. Comes with pipette for your convenience.
SO Clove 16oz,16oz,B00S5FGZ10,79.99,https://397-images.s3.amazonaws.com/sun_organic/sun_essential_oils/SEO_label_Clove_16oz_v1.jpg,Clove in a 16oz glass essential oil bottle. Comes with pipette for your convenience.
SO Black Pepper 2oz,2oz,B00R8GX5VA,29.99,https://397-images.s3.amazonaws.com/sun_organic/sun_essential_oils/SEO_label_BlackPepper_2oz_v1.jpg,Black Pepper in a 2oz glass essential oil bottle. Comes with pipette for your convenience.
SO Black Pepper 4oz,4oz,B00R8GX5XS,49.99,https://397-images.s3.amazonaws.com/sun_organic/sun_essential_oils/SEO_label_BlackPepper_4oz_v1.jpg,Black Pepper in a 4oz glass essential oil bottle. Comes with pipette for your convenience.
SO Black Pepper 8oz,8oz,B00RY7AFEI,89.99,https://397-images.s3.amazonaws.com/sun_organic/sun_essential_oils/SEO_label_BlackPepper_8oz_v1.jpg,Black Pepper in a 8oz glass essential oil bottle. Comes with pipette for your convenience.
SO Black Pepper 16oz,16oz,B00RY7AI4U,159.99,https://397-images.s3.amazonaws.com/sun_organic/sun_essential_oils/SEO_label_BlackPepper_16oz_v1.jpg,Black Pepper in a 16oz glass essential oil bottle. Comes with pipette for your convenience.
SO Camphor 2oz,2oz,B00R8GX5VK,10,https://397-images.s3.amazonaws.com/sun_organic/sun_essential_oils/SEO_label_Camphor_2oz_v1.jpg,Camphor in a 2oz glass essential oil bottle. Comes with pipette for your convenience.
SO Camphor 4oz,4oz,B00R8GX5W4,14.99,https://397-images.s3.amazonaws.com/sun_organic/sun_essential_oils/SEO_label_Camphor_4oz_v1.jpg,Camphor in a 4oz glass essential oil bottle. Comes with pipette for your convenience.
SO Camphor 8oz,8oz,B00RY7AILI,28.99,https://397-images.s3.amazonaws.com/sun_organic/sun_essential_oils/SEO_label_Camphor_8oz_v1.jpg,Camphor in a 8oz glass essential oil bottle. Comes with pipette for your convenience.
SO Camphor 16oz,16oz,B00RY7AGZG,49.99,https://397-images.s3.amazonaws.com/sun_organic/sun_essential_oils/SEO_label_Camphor_16oz_v1.jpg,Camphor in a 16oz glass essential oil bottle. Comes with pipette for your convenience.
SO Nutmeg 2oz,2oz,B00R8GX5X8,14.99,https://397-images.s3.amazonaws.com/sun_organic/sun_essential_oils/SEO_label_Nutmeg_2oz_v1.jpg,Nutmeg in a 2oz glass essential oil bottle. Comes with pipette for your convenience.
SO Nutmeg 4oz,4oz,B00R8GX5VU,24.99,https://397-images.s3.amazonaws.com/sun_organic/sun_essential_oils/SEO_label_Nutmeg_4oz_v1.jpg,Nutmeg in a 4oz glass essential oil bottle. Comes with pipette for your convenience.
SO Nutmeg 8oz,8oz,B00RY7C9QK,44.99,https://397-images.s3.amazonaws.com/sun_organic/sun_essential_oils/SEO_label_Nutmeg_8oz_v1.jpg,Nutmeg in a 8oz glass essential oil bottle. Comes with pipette for your convenience.
SO Nutmeg 16oz,16oz,B00RY7C84S,79.99,https://397-images.s3.amazonaws.com/sun_organic/sun_essential_oils/SEO_label_Nutmeg_16oz_v1.jpg,Nutmeg in a 16oz glass essential oil bottle. Comes with pipette for your convenience.
SO Cypress 2oz,2oz,B00R8GX5Y2,10,https://397-images.s3.amazonaws.com/sun_organic/sun_essential_oils/SEO_label_Cypress_2oz_v1.jpg,Cypress in a 2oz glass essential oil bottle. Comes with pipette for your convenience.
SO Cypress 4oz,4oz,B00R8GX5Z6,14.99,https://397-images.s3.amazonaws.com/sun_organic/sun_essential_oils/SEO_label_Cypress_4oz_v1.jpg,Cypress in a 4oz glass essential oil bottle. Comes with pipette for your convenience.
SO Cypress 8oz,8oz,B00RY7B5RY,44.99,https://397-images.s3.amazonaws.com/sun_organic/sun_essential_oils/SEO_label_Cypress_8oz_v1.jpg,Cypress in a 8oz glass essential oil bottle. Comes with pipette for your convenience.
SO Cypress 16oz,16oz,B00RY7B4JI,79.99,https://397-images.s3.amazonaws.com/sun_organic/sun_essential_oils/SEO_label_Cypress_16oz_v1.jpg,Cypress in a 16oz glass essential oil bottle. Comes with pipette for your convenience.
SO Cinnamon Bark 2oz,2oz,B00R8GX5ZG,19.99,https://397-images.s3.amazonaws.com/sun_organic/sun_essential_oils/SEO_label_CinnamonBark_2oz_v1.jpg,Cinnamon Bark in a 2oz glass essential oil bottle. Comes with pipette for your convenience.
SO Cinnamon Bark 4oz,4oz,B00R8GX60K,29.99,https://397-images.s3.amazonaws.com/sun_organic/sun_essential_oils/SEO_label_CinnamonBark_4oz_v1.jpg,Cinnamon Bark in a 4oz glass essential oil bottle. Comes with pipette for your convenience.
SO Cinnamon Bark 8oz,8oz,B00S5FIG8K,54.99,https://397-images.s3.amazonaws.com/sun_organic/sun_essential_oils/SEO_label_CinnamonBark_8oz_v1.jpg,Cinnamon Bark in a 8oz glass essential oil bottle. Comes with pipette for your convenience.
SO Cinnamon Bark 16oz,16oz,B00S5FIDOM,99.99,https://397-images.s3.amazonaws.com/sun_organic/sun_essential_oils/SEO_label_CinnamonBark_16oz_v1.jpg,Cinnamon Bark in a 16oz glass essential oil bottle. Comes with pipette for your convenience.
SO Basil 2oz,2oz,B00R8GX6A0,10.01,https://397-images.s3.amazonaws.com/sun_organic/sun_essential_oils/SEO_label_Basil_2oz_v1.jpg,Basil in a 2oz glass essential oil bottle. Comes with pipette for your convenience.
SO Basil 4oz,4oz,B00R8GX61E,14.99,https://397-images.s3.amazonaws.com/sun_organic/sun_essential_oils/SEO_label_Basil_4oz_v1.jpg,Basil in a 4oz glass essential oil bottle. Comes with pipette for your convenience.
SO Basil 8oz,8oz,B00RY7A8F4,28.99,https://397-images.s3.amazonaws.com/sun_organic/sun_essential_oils/SEO_label_Basil_8oz_v1.jpg,Basil in a 8oz glass essential oil bottle. Comes with pipette for your convenience.
SO Basil 16oz,16oz,B00RY7A228,49.99,https://397-images.s3.amazonaws.com/sun_organic/sun_essential_oils/SEO_label_Basil_16oz_v1.jpg,Basil in a 16oz glass essential oil bottle. Comes with pipette for your convenience.
SO Bergamot 2oz,2oz,B00R8GX6U0,14.99,https://397-images.s3.amazonaws.com/sun_organic/sun_essential_oils/SEO_label_Bergamot_2oz_v1.jpg,Bergamot in a 2oz glass essential oil bottle. Comes with pipette for your convenience.
SO Bergamot 4oz,4oz,B00R8GX6QO,24.99,https://397-images.s3.amazonaws.com/sun_organic/sun_essential_oils/SEO_label_Bergamot_4oz_v1.jpg,Bergamot in a 4oz glass essential oil bottle. Comes with pipette for your convenience.
SO Bergamot 8oz,8oz,B00RY7ABRO,44.99,https://397-images.s3.amazonaws.com/sun_organic/sun_essential_oils/SEO_label_Bergamot_8oz_v1.jpg,Bergamot in a 8oz glass essential oil bottle. Comes with pipette for your convenience.
SO Bergamot 16oz,16oz,B00RY7AA8E,79.99,https://397-images.s3.amazonaws.com/sun_organic/sun_essential_oils/SEO_label_Bergamot_16oz_v1.jpg,Bergamot in a 16oz glass essential oil bottle. Comes with pipette for your convenience.
SO Sweet Marjoram 2oz,2oz,B00R8GX6Y6,14.99,https://397-images.s3.amazonaws.com/sun_organic/sun_essential_oils/SEO_label_SweetMarjoram_2oz_v1.jpg,Sweet Marjoram in a 2oz glass essential oil bottle. Comes with pipette for your convenience.
SO Sweet Marjoram 4oz,4oz,B00R8GX6TQ,24.99,https://397-images.s3.amazonaws.com/sun_organic/sun_essential_oils/SEO_label_SweetMarjoram_4oz_v1.jpg,Sweet Marjoram in a 4oz glass essential oil bottle. Comes with pipette for your convenience.
SO Sweet Marjoram 8oz,8oz,B00RY7C4TM,44.99,https://397-images.s3.amazonaws.com/sun_organic/sun_essential_oils/SEO_label_SweetMarjoram_8oz_v1.jpg,Sweet Marjoram in a 8oz glass essential oil bottle. Comes with pipette for your convenience.
SO Sweet Marjoram 16oz,16oz,B00RY7C2W6,79.99,https://397-images.s3.amazonaws.com/sun_organic/sun_essential_oils/SEO_label_SweetMarjoram_16oz_v1.jpg,Sweet Marjoram in a 16oz glass essential oil bottle. Comes with pipette for your convenience.
SO Fir Needle 2oz,2oz,B00R8GX5WE,10.01,https://397-images.s3.amazonaws.com/sun_organic/sun_essential_oils/SEO_label_FirNeedle_2oz_v1.jpg,Fir Needle in a 2oz glass essential oil bottle. Comes with pipette for your convenience.
SO Fir Needle 4oz,4oz,B00R8GX60A,14.99,https://397-images.s3.amazonaws.com/sun_organic/sun_essential_oils/SEO_label_FirNeedle_4oz_v1.jpg,Fir Needle in a 4oz glass essential oil bottle. Comes with pipette for your convenience.
SO Fir Needle 8oz,8oz,B00RY7BDHG,28.99,https://397-images.s3.amazonaws.com/sun_organic/sun_essential_oils/SEO_label_FirNeedle_8oz_v1.jpg,Fir Needle in a 8oz glass essential oil bottle. Comes with pipette for your convenience.
SO Fir Needle 16oz,16oz,B00RY7BBI2,49.99,https://397-images.s3.amazonaws.com/sun_organic/sun_essential_oils/SEO_label_FirNeedle_16oz_v1.jpg,Fir Needle in a 16oz glass essential oil bottle. Comes with pipette for your convenience.
SO Cedarwood 2oz,2oz,B00R8GX6Z0,10,https://397-images.s3.amazonaws.com/sun_organic/sun_essential_oils/SEO_label_Cedarwood_2oz_v1.jpg,Cedarwood in a 2oz glass essential oil bottle. Comes with pipette for your convenience.
SO Cedarwood 4oz,4oz,B00R8GX6VE,14.99,https://397-images.s3.amazonaws.com/sun_organic/sun_essential_oils/SEO_label_Cedarwood_4oz_v1.jpg,Cedarwood in a 4oz glass essential oil bottle. Comes with pipette for your convenience.
SO Cedarwood 8oz,8oz,B00S5FGWL8,24.99,https://397-images.s3.amazonaws.com/sun_organic/sun_essential_oils/SEO_label_Cedarwood_8oz_v1.jpg,Cedarwood in a 8oz glass essential oil bottle. Comes with pipette for your convenience.
SO Cedarwood 16oz,16oz,B00RY7AR2S,49.99,https://397-images.s3.amazonaws.com/sun_organic/sun_essential_oils/SEO_label_Cedarwood_16oz_v1.jpg,Cedarwood in a 16oz glass essential oil bottle. Comes with pipette for your convenience.
SO Carrot 2oz,2oz,B00R8GX6W8,19.99,https://397-images.s3.amazonaws.com/sun_organic/sun_essential_oils/SEO_label_Carrot_2oz_v1.jpg,Carrot in a 2oz glass essential oil bottle. Comes with pipette for your convenience.
SO Carrot 4oz,4oz,B00R8GX6YQ,29.99,https://397-images.s3.amazonaws.com/sun_organic/sun_essential_oils/SEO_label_Carrot_4oz_v1.jpg,Carrot in a 4oz glass essential oil bottle. Comes with pipette for your convenience.
SO Carrot 8oz,8oz,B00RY7ALXS,54.99,https://397-images.s3.amazonaws.com/sun_organic/sun_essential_oils/SEO_label_Carrot_8oz_v1.jpg,Carrot in a 8oz glass essential oil bottle. Comes with pipette for your convenience.
SO Carrot 16oz,16oz,B00RY7AKFW,99.99,https://397-images.s3.amazonaws.com/sun_organic/sun_essential_oils/SEO_label_Carrot_16oz_v1.jpg,Carrot in a 16oz glass essential oil bottle. Comes with pipette for your convenience.
SO Spearmint 2oz,2oz,B00R8GX6ZU,10,https://397-images.s3.amazonaws.com/sun_organic/sun_essential_oils/SEO_label_Spearmint_2oz_v1.jpg,Spearmint in a 2oz glass essential oil bottle. Comes with pipette for your convenience.
SO Spearmint 4oz,4oz,B00R8GX6WS,14.99,https://397-images.s3.amazonaws.com/sun_organic/sun_essential_oils/SEO_label_Spearmint_4oz_v1.jpg,Spearmint in a 4oz glass essential oil bottle. Comes with pipette for your convenience.
SO Spearmint 8oz,8oz,B00RY7CNIO,28.99,https://397-images.s3.amazonaws.com/sun_organic/sun_essential_oils/SEO_label_Spearmint_8oz_v1.jpg,Spearmint in a 8oz glass essential oil bottle. Comes with pipette for your convenience.
SO Spearmint 16oz,16oz,B00RY7CMA8,49.99,https://397-images.s3.amazonaws.com/sun_organic/sun_essential_oils/SEO_label_Spearmint_16oz_v1.jpg,Spearmint in a 16oz glass essential oil bottle. Comes with pipette for your convenience.
SO Vanilla 2oz,2oz,B00SNJETF2,14.99,https://397-images.s3.amazonaws.com/sun_organic/sun_essential_oils/SEO_label_Vanilla_2oz_v1.jpg,Vanilla in a 2oz glass essential oil bottle. Comes with pipette for your convenience.
SO Vanilla 4oz,4oz,B00SNK2372,24.99,https://397-images.s3.amazonaws.com/sun_organic/sun_essential_oils/SEO_label_Vanilla_4oz_v1.jpg,Vanilla in a 4oz glass essential oil bottle. Comes with pipette for your convenience.
SO Vanilla 8oz,8oz,B00RY7CVKO,44.99,https://397-images.s3.amazonaws.com/sun_organic/sun_essential_oils/SEO_label_Vanilla_8oz_v1.jpg,Vanilla in a 8oz glass essential oil bottle. Comes with pipette for your convenience.
SO Vanilla 16oz,16oz,B00RY7CUBY,79.99,https://397-images.s3.amazonaws.com/sun_organic/sun_essential_oils/SEO_label_Vanilla_16oz_v1.jpg,Vanilla in a 16oz glass essential oil bottle. Comes with pipette for your convenience.
SO Peppermint 16oz,16oz,B00RY9WTU4,49.99,https://397-images.s3.amazonaws.com/sun_organic/sun_essential_oils/SEO_label_Peppermint_16oz_v1.jpg,Peppermint in a 16oz glass essential oil bottle. Comes with pipette for your convenience.
SO Peppermint 8oz,8oz,B00RY9WX50,28.99,https://397-images.s3.amazonaws.com/sun_organic/sun_essential_oils/SEO_label_Peppermint_8oz_v1.jpg,Peppermint in a 8oz glass essential oil bottle. Comes with pipette for your convenience.
SO Frankincense 8oz,8oz,B00RY7BK1U,54.99,https://397-images.s3.amazonaws.com/sun_organic/sun_essential_oils/SEO_label_Frankincense_8oz_v1.jpg,Frankincense in a 8oz glass essential oil bottle. Comes with pipette for your convenience.
SO Frankincense 16oz,16oz,B00S5FIIF6,79.99,https://397-images.s3.amazonaws.com/sun_organic/sun_essential_oils/SEO_label_Frankincense_16oz_v1.jpg,Frankincense in a 16oz glass essential oil bottle. Comes with pipette for your convenience.
SO Spikenard 2oz,2oz,B00SI6DXO8,19.99,https://397-images.s3.amazonaws.com/sun_organic/sun_essential_oils/SEO_label_Spikenard_2oz_v1.jpg,Spikenard in a 2oz glass essential oil bottle. Comes with pipette for your convenience.
SO Spikenard 4oz,4oz,B00SI6DQ5Y,29.99,https://397-images.s3.amazonaws.com/sun_organic/sun_essential_oils/SEO_label_Spikenard_4oz_v1.jpg,Spikenard in a 4oz glass essential oil bottle. Comes with pipette for your convenience.
SO Spikenard 8oz,8oz,B00SI6E01S,54.99,https://397-images.s3.amazonaws.com/sun_organic/sun_essential_oils/SEO_label_Spikenard_8oz_v1.jpg,Spikenard in a 8oz glass essential oil bottle. Comes with pipette for your convenience.
SO Spikenard 16oz,16oz,B00SI6DNO8,99.99,https://397-images.s3.amazonaws.com/sun_organic/sun_essential_oils/SEO_label_Spikenard_16oz_v1.jpg,Spikenard in a 16oz glass essential oil bottle. Comes with pipette for your convenience.
SO Key Lime 2oz,2oz,B00SI57MZ0,14.99,https://397-images.s3.amazonaws.com/sun_organic/sun_essential_oils/SEO_label_KeyLime_2oz_v1.jpg,Key Lime in a 2oz glass essential oil bottle. Comes with pipette for your convenience.
SO Key Lime 4oz,4oz,B00SI57QVK,24.99,https://397-images.s3.amazonaws.com/sun_organic/sun_essential_oils/SEO_label_KeyLime_4oz_v1.jpg,Key Lime in a 4oz glass essential oil bottle. Comes with pipette for your convenience.
SO Key Lime 8oz,8oz,B00SI57VAQ,44.99,https://397-images.s3.amazonaws.com/sun_organic/sun_essential_oils/SEO_label_KeyLime_8oz_v1.jpg,Key Lime in a 8oz glass essential oil bottle. Comes with pipette for your convenience.
SO Key Lime 16oz,16oz,B00SI57IBS,79.99,https://397-images.s3.amazonaws.com/sun_organic/sun_essential_oils/SEO_label_KeyLime_16oz_v1.jpg,Key Lime in a 16oz glass essential oil bottle. Comes with pipette for your convenience.
SO Allspice 2oz,2oz,B00SI576WY,14.99,https://397-images.s3.amazonaws.com/sun_organic/sun_essential_oils/SEO_label_Allspice_2oz_v1.jpg,Allspice in a 2oz glass essential oil bottle. Comes with pipette for your convenience.
SO Allspice 4oz,4oz,B00SI57AVG,24.99,https://397-images.s3.amazonaws.com/sun_organic/sun_essential_oils/SEO_label_Allspice_4oz_v1.jpg,Allspice in a 4oz glass essential oil bottle. Comes with pipette for your convenience.
SO Allspice 8oz,8oz,B00SI57J44,44.99,https://397-images.s3.amazonaws.com/sun_organic/sun_essential_oils/SEO_label_Allspice_8oz_v1.jpg,Allspice in a 8oz glass essential oil bottle. Comes with pipette for your convenience.
SO Allspice 16oz,16oz,B00SIAOJEC,79.99,https://397-images.s3.amazonaws.com/sun_organic/sun_essential_oils/SEO_label_Allspice_16oz_v1.jpg,Allspice in a 16oz glass essential oil bottle. Comes with pipette for your convenience.
SO Lemon Eucalyptus 2oz,2oz,B00SI58222,14.99,https://397-images.s3.amazonaws.com/sun_organic/sun_essential_oils/SEO_label_LemonEucalyptus_2oz_v1.jpg,Lemon Eucalyptus in a 2oz glass essential oil bottle. Comes with pipette for your convenience.
SO Lemon Eucalyptus 4oz,4oz,B00SI585E2,24.99,https://397-images.s3.amazonaws.com/sun_organic/sun_essential_oils/SEO_label_LemonEucalyptus_4oz_v1.jpg,Lemon Eucalyptus in a 4oz glass essential oil bottle. Comes with pipette for your convenience.
SO Lemon Eucalyptus 8oz,8oz,B00SI588TO,44.99,https://397-images.s3.amazonaws.com/sun_organic/sun_essential_oils/SEO_label_LemonEucalyptus_8oz_v1.jpg,Lemon Eucalyptus in a 8oz glass essential oil bottle. Comes with pipette for your convenience.
SO Lemon Eucalyptus 16oz,16oz,B00SI57YA8,79.99,https://397-images.s3.amazonaws.com/sun_organic/sun_essential_oils/SEO_label_LemonEucalyptus_16oz_v1.jpg,Lemon Eucalyptus in a 16oz glass essential oil bottle. Comes with pipette for your convenience.
SO Pine 2oz,2oz,B00SI59WSK,14.99,https://397-images.s3.amazonaws.com/sun_organic/sun_essential_oils/SEO_label_pine_2oz_v1.jpg,Pine in a 2oz glass essential oil bottle. Comes with pipette for your convenience.
SO Pine 4oz,4oz,B00SI59Z6E,24.99,https://397-images.s3.amazonaws.com/sun_organic/sun_essential_oils/SEO_label_Pine_4oz_v1.jpg,Pine in a 4oz glass essential oil bottle. Comes with pipette for your convenience.
SO Pine 8oz,8oz,B00SI5A2Q6,44.99,https://397-images.s3.amazonaws.com/sun_organic/sun_essential_oils/SEO_label_Pine_8oz_v1.jpg,Pine in a 8oz glass essential oil bottle. Comes with pipette for your convenience.
SO Pine 16oz,16oz,B00SI59TRY,79.99,https://397-images.s3.amazonaws.com/sun_organic/sun_essential_oils/SEO_label_Pine_16oz_v1.jpg,Pine in a 16oz glass essential oil bottle. Comes with pipette for your convenience.
SO Bay 2oz,2oz,B00SLXXM7Q,19.99,https://397-images.s3.amazonaws.com/sun_organic/sun_essential_oils/SEO_label_Bay_2oz_v1.jpg,Bay in a 2oz glass essential oil bottle. Comes with pipette for your convenience.
SO Bay 4oz,4oz,B00SI58QV4,29.99,https://397-images.s3.amazonaws.com/sun_organic/sun_essential_oils/SEO_label_Bay_4oz_v1.jpg,Bay in a 4oz glass essential oil bottle. Comes with pipette for your convenience.
SO Bay 8oz,8oz,B00SI58TBQ,54.99,https://397-images.s3.amazonaws.com/sun_organic/sun_essential_oils/SEO_label_Bay_8oz_v1.jpg,Bay in a 8oz glass essential oil bottle. Comes with pipette for your convenience.
SO Bay 16oz,16oz,B00SI58JSY,99.99,https://397-images.s3.amazonaws.com/sun_organic/sun_essential_oils/SEO_label_Bay_16oz_v1.jpg,Bay in a 16oz glass essential oil bottle. Comes with pipette for your convenience.
SO Myrtle 2oz,2oz,B00SI58FIS,19.99,https://397-images.s3.amazonaws.com/sun_organic/sun_essential_oils/SEO_label_Myrtle_2oz_v1.jpg,Myrtle in a 2oz glass essential oil bottle. Comes with pipette for your convenience.
SO Myrtle 4oz,4oz,B00SI58INA,29.99,https://397-images.s3.amazonaws.com/sun_organic/sun_essential_oils/SEO_label_Myrtle_4oz_v1.jpg,Myrtle in a 4oz glass essential oil bottle. Comes with pipette for your convenience.
SO Myrtle 8oz,8oz,B00SI58MAO,54.99,https://397-images.s3.amazonaws.com/sun_organic/sun_essential_oils/SEO_label_Myrtle_8oz_v1.jpg,Myrtle in a 8oz glass essential oil bottle. Comes with pipette for your convenience.
SO Myrtle 16oz,16oz,B00SI58CFE,99.99,https://397-images.s3.amazonaws.com/sun_organic/sun_essential_oils/SEO_label_Myrtle_16oz_v1.jpg,Myrtle in a 16oz glass essential oil bottle. Comes with pipette for your convenience.
SO Cassia 2oz,2oz,B00SI59DZM,14.99,https://397-images.s3.amazonaws.com/sun_organic/sun_essential_oils/SEO_label_Cassia_2oz_v1.jpg,Cassia in a 2oz glass essential oil bottle. Comes with pipette for your convenience.
SO Cassia 4oz,4oz,B00SI59H8K,24.99,https://397-images.s3.amazonaws.com/sun_organic/sun_essential_oils/SEO_label_Cassia_4oz_v1.jpg,Cassia in a 4oz glass essential oil bottle. Comes with pipette for your convenience.
SO Cassia 8oz,8oz,B00SI59KBY,44.99,https://397-images.s3.amazonaws.com/sun_organic/sun_essential_oils/SEO_label_Cassia_8oz_v1.jpg,Cassia in a 8oz glass essential oil bottle. Comes with pipette for your convenience.
SO Cassia 16oz,16oz,B00SI599XS,79.99,https://397-images.s3.amazonaws.com/sun_organic/sun_essential_oils/SEO_label_Cassia_16oz_v1.jpg,Cassia in a 16oz glass essential oil bottle. Comes with pipette for your convenience.
SO Cinnamon Leaf 2oz,2oz,B00SI5BESG,14.99,https://397-images.s3.amazonaws.com/sun_organic/sun_essential_oils/SEO_label_CinnamonLeaf_2oz_v1.jpg,Cinnamon Leaf in a 2oz glass essential oil bottle. Comes with pipette for your convenience.
SO Cinnamon Leaf 4oz,4oz,B00SI5BH1K,24.99,https://397-images.s3.amazonaws.com/sun_organic/sun_essential_oils/SEO_label_CinnamonLeaf_4oz_v1.jpg,Cinnamon Leaf in a 4oz glass essential oil bottle. Comes with pipette for your convenience.
SO Cinnamon Leaf 8oz,8oz,B00SI5BMZQ,44.99,https://397-images.s3.amazonaws.com/sun_organic/sun_essential_oils/SEO_label_CinnamonLeaf_8oz_v1.jpg,Cinnamon Leaf in a 8oz glass essential oil bottle. Comes with pipette for your convenience.
SO Cinnamon Leaf 16oz,16oz,B00SI5BALW,79.99,https://397-images.s3.amazonaws.com/sun_organic/sun_essential_oils/SEO_label_CinnamonLeaf_16oz_v1.jpg,Cinnamon Leaf in a 16oz glass essential oil bottle. Comes with pipette for your convenience.
SO Turmeric 2oz,2oz,B00SI5EAPA,14.99,https://397-images.s3.amazonaws.com/sun_organic/sun_essential_oils/SEO_label_Turmeric_2oz_v1.jpg,Turmeric in a 2oz glass essential oil bottle. Comes with pipette for your convenience.
SO Turmeric 4oz,4oz,B00SI5EEOW,24.99,https://397-images.s3.amazonaws.com/sun_organic/sun_essential_oils/SEO_label_Turmeric_4oz_v1.jpg,Turmeric in a 4oz glass essential oil bottle. Comes with pipette for your convenience.
SO Turmeric 8oz,8oz,B00SI5EIAC,44.99,https://397-images.s3.amazonaws.com/sun_organic/sun_essential_oils/SEO_label_Turmeric_8oz_v1.jpg,Turmeric in a 8oz glass essential oil bottle. Comes with pipette for your convenience.
SO Turmeric 16oz,16oz,B00SI5E9LA,79.99,https://397-images.s3.amazonaws.com/sun_organic/sun_essential_oils/SEO_label_Turmeric_16oz_v1.jpg,Turmeric in a 16oz glass essential oil bottle. Comes with pipette for your convenience.
SO Neroli 2oz,2oz,B00SI597D0,19.99,https://397-images.s3.amazonaws.com/sun_organic/sun_essential_oils/SEO_label_Neroli_2oz_v1.jpg,Neroli in a 2oz glass essential oil bottle. Comes with pipette for your convenience.
SO Neroli 4oz,4oz,B00SI59AM8,29.99,https://397-images.s3.amazonaws.com/sun_organic/sun_essential_oils/SEO_label_Neroli_4oz_v1.jpg,Neroli in a 4oz glass essential oil bottle. Comes with pipette for your convenience.
SO Neroli 8oz,8oz,B00SI59E56,54.99,https://397-images.s3.amazonaws.com/sun_organic/sun_essential_oils/SEO_label_Neroli_8oz_v1.jpg,Neroli in a 8oz glass essential oil bottle. Comes with pipette for your convenience.
SO Neroli 16oz,16oz,B00SI593J8,99.99,https://397-images.s3.amazonaws.com/sun_organic/sun_essential_oils/SEO_label_Neroli_16oz_v1.jpg,Neroli in a 16oz glass essential oil bottle. Comes with pipette for your convenience.
SO Rose Geranium 2oz,2oz,B00SI5BJ0O,19.99,https://397-images.s3.amazonaws.com/sun_organic/sun_essential_oils/SEO_label_RoseGeranium_2oz_v1.jpg,Rose Geranium in a 2oz glass essential oil bottle. Comes with pipette for your convenience.
SO Rose Geranium 4oz,4oz,B00SI5BLAC,29.99,https://397-images.s3.amazonaws.com/sun_organic/sun_essential_oils/SEO_label_RoseGeranium_4oz_v1.jpg,Rose Geranium in a 4oz glass essential oil bottle. Comes with pipette for your convenience.
SO Rose Geranium 8oz,8oz,B00SI5BOGS,89.99,https://397-images.s3.amazonaws.com/sun_organic/sun_essential_oils/SEO_label_RoseGeranium_8oz_v1.jpg,Rose Geranium in a 8oz glass essential oil bottle. Comes with pipette for your convenience.
SO Rose Geranium 16oz,16oz,B00SI5BFCG,159.99,https://397-images.s3.amazonaws.com/sun_organic/sun_essential_oils/SEO_label_RoseGeranium_16oz_v1.jpg,Rose Geranium in a 16oz glass essential oil bottle. Comes with pipette for your convenience.
SO Chamomile (German) 2oz,2oz,B00SI59RLW,69.99,https://397-images.s3.amazonaws.com/sun_organic/sun_essential_oils/SEO_label_ChamomileGerman_2oz_v1.jpg,Chamomile (German) in a 2oz glass essential oil bottle. Comes with pipette for your convenience.
SO Chamomile (German) 4oz,4oz,B00SI59ZFK,119.99,https://397-images.s3.amazonaws.com/sun_organic/sun_essential_oils/SEO_label_ChamomileGerman_4oz_v1.jpg,Chamomile (German) in a 4oz glass essential oil bottle. Comes with pipette for your convenience.
SO Chamomile (German) 8oz,8oz,B00SI5A2I4,199.99,https://397-images.s3.amazonaws.com/sun_organic/sun_essential_oils/SEO_label_ChamomileGerman_8oz_v1.jpg,Chamomile (German) in a 8oz glass essential oil bottle. Comes with pipette for your convenience.
SO Chamomile (German) 16oz,16oz,B00SI59OFQ,339.99,https://397-images.s3.amazonaws.com/sun_organic/sun_essential_oils/SEO_label_ChamomileGerman_16oz_v1.jpg,Chamomile (German) in a 16oz glass essential oil bottle. Comes with pipette for your convenience.
SO Chamomile (Roman) 2oz,2oz,B00SI5A8SI,34.99,https://397-images.s3.amazonaws.com/sun_organic/sun_essential_oils/SEO_label_ChamomileRoman_2oz_v1.jpg,Chamomile (Roman) in a 2oz glass essential oil bottle. Comes with pipette for your convenience.
SO Chamomile (Roman) 4oz,4oz,B00SI5ABXK,59.99,https://397-images.s3.amazonaws.com/sun_organic/sun_essential_oils/SEO_label_ChamomileRoman_4oz_v1.jpg,Chamomile (Roman) in a 4oz glass essential oil bottle. Comes with pipette for your convenience.
SO Chamomile (Roman) 8oz,8oz,B00SI5AFC2,99.99,https://397-images.s3.amazonaws.com/sun_organic/sun_essential_oils/SEO_label_ChamomileRoman_8oz_v1.jpg,Chamomile (Roman) in a 8oz glass essential oil bottle. Comes with pipette for your convenience.
SO Chamomile (Roman) 16oz,16oz,B00SI5A62Q,169.99,https://397-images.s3.amazonaws.com/sun_organic/sun_essential_oils/SEO_label_ChamomileRoman_16oz_v1.jpg,Chamomile (Roman) in a 16oz glass essential oil bottle. Comes with pipette for your convenience.
SO Rosewood 2oz,2oz,B00SI5BVNE,14.99,https://397-images.s3.amazonaws.com/sun_organic/sun_essential_oils/SEO_label_Rosewood_2oz_v1.jpg,Rosewood in a 2oz glass essential oil bottle. Comes with pipette for your convenience.
SO Rosewood 4oz,4oz,B00SI5BZ8K,24.99,https://397-images.s3.amazonaws.com/sun_organic/sun_essential_oils/SEO_label_Rosewood_4oz_v1.jpg,Rosewood in a 4oz glass essential oil bottle. Comes with pipette for your convenience.
SO Rosewood 8oz,8oz,B00SI5C37W,44.99,https://397-images.s3.amazonaws.com/sun_organic/sun_essential_oils/SEO_label_Rosewood_8oz_v1.jpg,Rosewood in a 8oz glass essential oil bottle. Comes with pipette for your convenience.
SO Rosewood 16oz,16oz,B00SI5BSF0,79.99,https://397-images.s3.amazonaws.com/sun_organic/sun_essential_oils/SEO_label_Rosewood_16oz_v1.jpg,Rosewood in a 16oz glass essential oil bottle. Comes with pipette for your convenience.
SO Coriander 2oz,2oz,B00SI5CD36,14.99,https://397-images.s3.amazonaws.com/sun_organic/sun_essential_oils/SEO_label_Coriander_2oz_v1.jpg,Coriander in a 2oz glass essential oil bottle. Comes with pipette for your convenience.
SO Coriander 4oz,4oz,B00SI5CFMU,24.99,https://397-images.s3.amazonaws.com/sun_organic/sun_essential_oils/SEO_label_Coriander_4oz_v1.jpg,Coriander in a 4oz glass essential oil bottle. Comes with pipette for your convenience.
SO Coriander 8oz,8oz,B00SI5CITU,44.99,https://397-images.s3.amazonaws.com/sun_organic/sun_essential_oils/SEO_label_Coriander_8oz_v1.jpg,Coriander in a 8oz glass essential oil bottle. Comes with pipette for your convenience.
SO Coriander 16oz,16oz,B00SI5C9VM,79.99,https://397-images.s3.amazonaws.com/sun_organic/sun_essential_oils/SEO_label_Coriander_16oz_v1.jpg,Coriander in a 16oz glass essential oil bottle. Comes with pipette for your convenience.
SO Sage 2oz,2oz,B00SI5CFRA,14.99,https://397-images.s3.amazonaws.com/sun_organic/sun_essential_oils/SEO_label_Sage_2oz_v1.jpg,Sage in a 2oz glass essential oil bottle. Comes with pipette for your convenience.
SO Sage 4oz,4oz,B00SI5CIWM,24.99,https://397-images.s3.amazonaws.com/sun_organic/sun_essential_oils/SEO_label_Sage_4oz_v1.jpg,Sage in a 4oz glass essential oil bottle. Comes with pipette for your convenience.
SO Sage 8oz,8oz,B00SI5CLHO,44.99,https://397-images.s3.amazonaws.com/sun_organic/sun_essential_oils/SEO_label_Sage_8oz_v1.jpg,Sage in a 8oz glass essential oil bottle. Comes with pipette for your convenience.
SO Sage 16oz,16oz,B00SI5C6I8,79.99,https://397-images.s3.amazonaws.com/sun_organic/sun_essential_oils/SEO_label_Sage_16oz_v1.jpg,Sage in a 16oz glass essential oil bottle. Comes with pipette for your convenience.
SO Copaiba 2oz,2oz,B00SI5BYPY,14.99,https://397-images.s3.amazonaws.com/sun_organic/sun_essential_oils/SEO_label_Copaiba_2oz_v1.jpg,Copaiba in a 2oz glass essential oil bottle. Comes with pipette for your convenience.
SO Copaiba 4oz,4oz,B00SI5C3F4,24.99,https://397-images.s3.amazonaws.com/sun_organic/sun_essential_oils/SEO_label_Copaiba_4oz_v1.jpg,Copaiba in a 4oz glass essential oil bottle. Comes with pipette for your convenience.
SO Copaiba 8oz,8oz,B00SI5C6J2,44.99,https://397-images.s3.amazonaws.com/sun_organic/sun_essential_oils/SEO_label_Copaiba_8oz_v1.jpg,Copaiba in a 8oz glass essential oil bottle. Comes with pipette for your convenience.
SO Copaiba 16oz,16oz,B00SI5BVQ6,79.99,https://397-images.s3.amazonaws.com/sun_organic/sun_essential_oils/SEO_label_Copaiba_16oz_v1.jpg,Copaiba in a 16oz glass essential oil bottle. Comes with pipette for your convenience.
SO Fennel 2oz,2oz,B00SI5D2B8,14.99,https://397-images.s3.amazonaws.com/sun_organic/sun_essential_oils/SEO_label_Fennel_2oz_v1.jpg,Fennel in a 2oz glass essential oil bottle. Comes with pipette for your convenience.
SO Fennel 4oz,4oz,B00SI5D6IW,24.99,https://397-images.s3.amazonaws.com/sun_organic/sun_essential_oils/SEO_label_Fennel_4oz_v1.jpg,Fennel in a 4oz glass essential oil bottle. Comes with pipette for your convenience.
SO Fennel 8oz,8oz,B00SI5D9HU,44.99,https://397-images.s3.amazonaws.com/sun_organic/sun_essential_oils/SEO_label_Fennel_8oz_v1.jpg,Fennel in a 8oz glass essential oil bottle. Comes with pipette for your convenience.
SO Fennel 16oz,16oz,B00SI5CZ8E,79.99,https://397-images.s3.amazonaws.com/sun_organic/sun_essential_oils/SEO_label_Fennel_16oz_v1.jpg,Fennel in a 16oz glass essential oil bottle. Comes with pipette for your convenience.
SO Sandalwood (Australian) 2oz,2oz,B00SI5CVR4,19.99,https://397-images.s3.amazonaws.com/sun_organic/sun_essential_oils/SEO_label_SandalwoodAustralian_2oz_v1.jpg,Sandalwood (Australian) (Nepal) in a 2oz glass essential oil bottle. Comes with pipette for your convenience.
SO Sandalwood (Australian) 4oz,4oz,B00SI5D2MW,29.99,https://397-images.s3.amazonaws.com/sun_organic/sun_essential_oils/SEO_label_SandalwoodAustralian_4oz_v1.jpg,Sandalwood (Australian) (Nepal) in a 4oz glass essential oil bottle. Comes with pipette for your convenience.
SO Sandalwood (Australian) 8oz,8oz,B00SI5D6AA,59.99,https://397-images.s3.amazonaws.com/sun_organic/sun_essential_oils/SEO_label_SandalwoodAustralian_8oz_v1.jpg,Sandalwood (Australian) (Nepal) in a 8oz glass essential oil bottle. Comes with pipette for your convenience.
SO Sandalwood (Australian) 16oz,16oz,B00SI5CSL8,99.99,https://397-images.s3.amazonaws.com/sun_organic/sun_essential_oils/SEO_label_SandalwoodAustralian_16oz_v1.jpg,Sandalwood (Australian) (Nepal) in a 16oz glass essential oil bottle. Comes with pipette for your convenience.
SO Spruce 2oz,2oz,B00SI5DCMM,14.99,https://397-images.s3.amazonaws.com/sun_organic/sun_essential_oils/SEO_label_Spruce_2oz_v1.jpg,Spruce in a 2oz glass essential oil bottle. Comes with pipette for your convenience.
SO Spruce 4oz,4oz,B00SI5DFSS,24.99,https://397-images.s3.amazonaws.com/sun_organic/sun_essential_oils/SEO_label_Spruce_4oz_v1.jpg,Spruce in a 4oz glass essential oil bottle. Comes with pipette for your convenience.
SO Spruce 8oz,8oz,B00SI5DIDK,44.99,https://397-images.s3.amazonaws.com/sun_organic/sun_essential_oils/SEO_label_Spruce_8oz_v1.jpg,Spruce in a 8oz glass essential oil bottle. Comes with pipette for your convenience.
SO Spruce 16oz,16oz,B00SI5D9QQ,79.99,https://397-images.s3.amazonaws.com/sun_organic/sun_essential_oils/SEO_label_Spruce_16oz_v1.jpg,Spruce in a 16oz glass essential oil bottle. Comes with pipette for your convenience.
SO Tangerine 2oz,2oz,B00SI5DZ3I,14.99,https://397-images.s3.amazonaws.com/sun_organic/sun_essential_oils/SEO_label_Tangerine_2oz_v1.jpg,Tangerine in a 2oz glass essential oil bottle. Comes with pipette for your convenience.
SO Tangerine 4oz,4oz,B00SI5E2EO,24.99,https://397-images.s3.amazonaws.com/sun_organic/sun_essential_oils/SEO_label_Tangerine_4oz_v1.jpg,Tangerine in a 4oz glass essential oil bottle. Comes with pipette for your convenience.
SO Tangerine 8oz,8oz,B00SI5E67C,44.99,https://397-images.s3.amazonaws.com/sun_organic/sun_essential_oils/SEO_label_Tangerine_8oz_v1.jpg,Tangerine in a 8oz glass essential oil bottle. Comes with pipette for your convenience.
SO Tangerine 16oz,16oz,B00SI5DW3Q,79.99,https://397-images.s3.amazonaws.com/sun_organic/sun_essential_oils/SEO_label_Tangerine_16oz_v1.jpg,Tangerine in a 16oz glass essential oil bottle. Comes with pipette for your convenience.
SO Earth & Wood 2oz,2oz,B00SI5COVC,11.99,https://397-images.s3.amazonaws.com/sun_organic/sun_essential_oils/SEO_label_EarthWood_2oz_v1.jpg,Earth & Wood Blend in a 2oz glass essential oil bottle. Comes with pipette for your convenience.
SO Earth & Wood 4oz,4oz,B00SI5CRVY,19.99,https://397-images.s3.amazonaws.com/sun_organic/sun_essential_oils/SEO_label_EarthWood_4oz_v1.jpg,Earth & Wood Blend in a 4oz glass essential oil bottle. Comes with pipette for your convenience.
SO Earth & Wood 8oz,8oz,B00SI5CVF6,34.99,https://397-images.s3.amazonaws.com/sun_organic/sun_essential_oils/SEO_label_EarthWood_8oz_v1.jpg,Earth & Wood Blend in a 8oz glass essential oil bottle. Comes with pipette for your convenience.
SO Earth & Wood 16oz,16oz,B00SI5CLA6,59.99,https://397-images.s3.amazonaws.com/sun_organic/sun_essential_oils/SEO_label_EarthWood_16oz_v1.jpg,Earth & Wood Blend in a 16oz glass essential oil bottle. Comes with pipette for your convenience.
SO Vetiver 2oz,2oz,B00SI5EULY,19.99,https://397-images.s3.amazonaws.com/sun_organic/sun_essential_oils/SEO_label_Vetiver_2oz_v1.jpg,Vetiver in a 2oz glass essential oil bottle. Comes with pipette for your convenience.
SO Vetiver 4oz,4oz,B00SI5EYEM,29.99,https://397-images.s3.amazonaws.com/sun_organic/sun_essential_oils/SEO_label_Vetiver_4oz_v1.jpg,Vetiver in a 4oz glass essential oil bottle. Comes with pipette for your convenience.
SO Vetiver 8oz,8oz,B00SI5F1PS,49.99,https://397-images.s3.amazonaws.com/sun_organic/sun_essential_oils/SEO_label_Vetiver_8oz_v1.jpg,Vetiver in a 8oz glass essential oil bottle. Comes with pipette for your convenience.
SO Vetiver 16oz,16oz,B00SI5EQUY,89.99,https://397-images.s3.amazonaws.com/sun_organic/sun_essential_oils/SEO_label_Vetiver_16oz_v1.jpg,Vetiver in a 16oz glass essential oil bottle. Comes with pipette for your convenience.
SO Hyssop 2oz,2oz,B00SI5FMTI,14.99,https://397-images.s3.amazonaws.com/sun_organic/sun_essential_oils/SEO_label_Hyssop_2oz_v1.jpg,Hyssop in a 2oz glass essential oil bottle. Comes with pipette for your convenience.
SO Hyssop 4oz,4oz,B00SI5FSLK,24.99,https://397-images.s3.amazonaws.com/sun_organic/sun_essential_oils/SEO_label_Hyssop_4oz_v1.jpg,Hyssop in a 4oz glass essential oil bottle. Comes with pipette for your convenience.
SO Hyssop 8oz,8oz,B00SI5FWZC,44.99,https://397-images.s3.amazonaws.com/sun_organic/sun_essential_oils/SEO_label_Hyssop_8oz_v1.jpg,Hyssop in a 8oz glass essential oil bottle. Comes with pipette for your convenience.
SO Hyssop 16oz,16oz,B00SI5FJZU,79.99,https://397-images.s3.amazonaws.com/sun_organic/sun_essential_oils/SEO_label_Hyssop_16oz_v1.jpg,Hyssop in a 16oz glass essential oil bottle. Comes with pipette for your convenience.
SO Inhale 2oz,2oz,B00SI56P2G,11.99,https://397-images.s3.amazonaws.com/sun_organic/sun_essential_oils/SEO_label_Inhale_2oz_v1.jpg,Inhale Blend in a 2oz glass essential oil bottle. Comes with pipette for your convenience.
SO Inhale 4oz,4oz,B00SI56SG4,19.99,https://397-images.s3.amazonaws.com/sun_organic/sun_essential_oils/SEO_label_Inhale_4oz_v1.jpg,Inhale Blend in a 4oz glass essential oil bottle. Comes with pipette for your convenience.
SO Inhale 8oz,8oz,B00SI56WDS,34.99,https://397-images.s3.amazonaws.com/sun_organic/sun_essential_oils/SEO_label_Inhale_8oz_v1.jpg,Inhale Blend in a 8oz glass essential oil bottle. Comes with pipette for your convenience.
SO Inhale 16oz,16oz,B00SI56LHA,59.99,https://397-images.s3.amazonaws.com/sun_organic/sun_essential_oils/SEO_label_Inhale_16oz_v1.jpg,Inhale Blend in a 16oz glass essential oil bottle. Comes with pipette for your convenience.
SO Age Defying 2oz,2oz,B00SI56MVU,14.99,https://397-images.s3.amazonaws.com/sun_organic/sun_essential_oils/SEO_label_AgeDefying_2oz_v1.jpg,Age Defy Blend in a 2oz glass essential oil bottle. Comes with pipette for your convenience.
SO Age Defying 4oz,4oz,B00SI56Q1G,19.99,https://397-images.s3.amazonaws.com/sun_organic/sun_essential_oils/SEO_label_AgeDefying_4oz_v1.jpg,Age Defy Blend in a 4oz glass essential oil bottle. Comes with pipette for your convenience.
SO Age Defying 8oz,8oz,B00SI56TFE,34.99,https://397-images.s3.amazonaws.com/sun_organic/sun_essential_oils/SEO_label_AgeDefying_8oz_v1.jpg,Age Defy Blend in a 8oz glass essential oil bottle. Comes with pipette for your convenience.
SO Age Defying 16oz,16oz,B00SI56IZ0,59.99,https://397-images.s3.amazonaws.com/sun_organic/sun_essential_oils/SEO_label_AgeDefying_16oz_v1.jpg,Age Defy Blend in a 16oz glass essential oil bottle. Comes with pipette for your convenience.
SO Joy Blend 2oz,2oz,B00SI5766U,11.99,https://397-images.s3.amazonaws.com/sun_organic/sun_essential_oils/SEO_label_Joy_2oz_v1.jpg,Joy Blend in a 2oz glass essential oil bottle. Comes with pipette for your convenience.
SO Joy Blend 4oz,4oz,B00SI579US,19.99,https://397-images.s3.amazonaws.com/sun_organic/sun_essential_oils/SEO_label_Joy_4oz_v1.jpg,Joy Blend in a 4oz glass essential oil bottle. Comes with pipette for your convenience.
SO Joy Blend 8oz,8oz,B00SI57E0S,34.99,https://397-images.s3.amazonaws.com/sun_organic/sun_essential_oils/SEO_label_Joy_8oz_v1.jpg,Joy Blend in a 8oz glass essential oil bottle. Comes with pipette for your convenience.
SO Joy Blend 16oz,16oz,B00SI570BQ,59.99,https://397-images.s3.amazonaws.com/sun_organic/sun_essential_oils/SEO_label_Joy_16oz_v1.jpg,Joy Blend in a 16oz glass essential oil bottle. Comes with pipette for your convenience.
SO Ambiance 2oz,2oz,B00SI57TNU,11.99,https://397-images.s3.amazonaws.com/sun_organic/sun_essential_oils/SEO_label_Ambiance_2oz_v1.jpg,Ambience Blend in a 2oz glass essential oil bottle. Comes with pipette for your convenience.
SO Ambiance 4oz,4oz,B00SI57ZB6,19.99,https://397-images.s3.amazonaws.com/sun_organic/sun_essential_oils/SEO_label_Ambiance_4oz_v1.jpg,Ambience Blend in a 4oz glass essential oil bottle. Comes with pipette for your convenience.
SO Ambiance 8oz,8oz,B00SI582A4,34.99,https://397-images.s3.amazonaws.com/sun_organic/sun_essential_oils/SEO_label_Ambiance_8oz_v1.jpg,Ambience Blend in a 8oz glass essential oil bottle. Comes with pipette for your convenience.
SO Ambiance 16oz,16oz,B00SI57P02,59.99,https://397-images.s3.amazonaws.com/sun_organic/sun_essential_oils/SEO_label_Ambiance_16oz_v1.jpg,Ambience Blend in a 16oz glass essential oil bottle. Comes with pipette for your convenience.
SO Aphrodisiac 2oz,2oz,B00SI5895C,11.99,https://397-images.s3.amazonaws.com/sun_organic/sun_essential_oils/SEO_label_Aphrodisiac_2oz_v1.jpg,Aphrodisiac Blend in a 2oz glass essential oil bottle. Comes with pipette for your convenience.
SO Aphrodisiac 4oz,4oz,B00SI58CO0,19.99,https://397-images.s3.amazonaws.com/sun_organic/sun_essential_oils/SEO_label_Aphrodisiac_4oz_v1.jpg,Aphrodisiac Blend in a 4oz glass essential oil bottle. Comes with pipette for your convenience.
SO Aphrodisiac 8oz,8oz,B00SI58G0A,34.99,https://397-images.s3.amazonaws.com/sun_organic/sun_essential_oils/SEO_label_Aphrodisiac_8oz_v1.jpg,Aphrodisiac Blend in a 8oz glass essential oil bottle. Comes with pipette for your convenience.
SO Aphrodisiac 16oz,16oz,B00SI585EM,59.99,https://397-images.s3.amazonaws.com/sun_organic/sun_essential_oils/SEO_label_Aphrodisiac_16oz_v1.jpg,Aphrodisiac Blend in a 16oz glass essential oil bottle. Comes with pipette for your convenience.
,,,,,
SO Muscle Relief 2oz,2oz,B00SI58S2G,11.99,https://397-images.s3.amazonaws.com/sun_organic/sun_essential_oils/SEO_label_MuscleRelief_2oz_v1.jpg,Deep Muscle Relief Blend in a 2oz glass essential oil bottle. Comes with pipette for your convenience.
SO Muscle Relief 4oz,4oz,B00SI58WYU,19.99,https://397-images.s3.amazonaws.com/sun_organic/sun_essential_oils/SEO_label_MuscleRelief_4oz_v1.jpg,Deep Muscle Relief Blend in a 4oz glass essential oil bottle. Comes with pipette for your convenience.
SO Muscle Relief 8oz,8oz,B00SI5909G,34.99,https://397-images.s3.amazonaws.com/sun_organic/sun_essential_oils/SEO_label_MuscleRelief_8oz_v1.jpg,Deep Muscle Relief Blend in a 8oz glass essential oil bottle. Comes with pipette for your convenience.
SO Muscle Relief 16oz,16oz,B00SI58OS4,59.99,https://397-images.s3.amazonaws.com/sun_organic/sun_essential_oils/SEO_label_MuscleRelief_16oz_v1.jpg,Deep Muscle Relief Blend in a 16oz glass essential oil bottle. Comes with pipette for your convenience.
SO Breathe 2oz,2oz,B00SI590HS,11.99,https://397-images.s3.amazonaws.com/sun_organic/sun_essential_oils/SEO_label_Breathe_2oz_v1.jpg,Breathe Blend in a 2oz glass essential oil bottle. Comes with pipette for your convenience.
SO Breathe 4oz,4oz,B00SI5946U,19.99,https://397-images.s3.amazonaws.com/sun_organic/sun_essential_oils/SEO_label_Breathe_4oz_v1.jpg,Breathe Blend in a 4oz glass essential oil bottle. Comes with pipette for your convenience.
SO Breathe 8oz,8oz,B00SI597CG,34.99,https://397-images.s3.amazonaws.com/sun_organic/sun_essential_oils/SEO_label_Breathe_8oz_v1.jpg,Breathe Blend in a 8oz glass essential oil bottle. Comes with pipette for your convenience.
SO Breathe 16oz,16oz,B00SI58WXQ,59.99,https://397-images.s3.amazonaws.com/sun_organic/sun_essential_oils/SEO_label_Breathe_16oz_v1.jpg,Breathe Blend in a 16oz glass essential oil bottle. Comes with pipette for your convenience.
SO Zen 2oz,2oz,B00SI59JI8,11.99,https://397-images.s3.amazonaws.com/sun_organic/sun_essential_oils/SEO_label_Zen_2oz_v1.jpg,Zen Blend in a 2oz glass essential oil bottle. Comes with pipette for your convenience.
SO Zen 4oz,4oz,B00SI59N5W,19.99,https://397-images.s3.amazonaws.com/sun_organic/sun_essential_oils/SEO_label_Zen_4oz_v1.jpg,Zen Blend in a 4oz glass essential oil bottle. Comes with pipette for your convenience.
SO Zen 8oz,8oz,B00SI59Q8Q,34.99,https://397-images.s3.amazonaws.com/sun_organic/sun_essential_oils/SEO_label_Zen_8oz_v1.jpg,Zen Blend in a 8oz glass essential oil bottle. Comes with pipette for your convenience.
SO Zen 16oz,16oz,B00SI59GJK,59.99,https://397-images.s3.amazonaws.com/sun_organic/sun_essential_oils/SEO_label_Zen_16oz_v1.jpg,Zen Blend in a 16oz glass essential oil bottle. Comes with pipette for your convenience.
SO PMS Be Gone 2oz,2oz,B00SI5A7IO,11.99,https://397-images.s3.amazonaws.com/sun_organic/sun_essential_oils/SEO_label_PMSGone_2oz_v1.jpg,Dragon Rest Blend in a 2oz glass essential oil bottle. Comes with pipette for your convenience.
SO PMS Be Gone 4oz,4oz,B00SI5AAV8,19.99,https://397-images.s3.amazonaws.com/sun_organic/sun_essential_oils/SEO_label_PMSGone_4oz_v1.jpg,Dragon Rest Blend in a 4oz glass essential oil bottle. Comes with pipette for your convenience.
SO PMS Be Gone 8oz,8oz,B00SI5ADBU,34.99,https://397-images.s3.amazonaws.com/sun_organic/sun_essential_oils/SEO_label_PMSGone_8oz_v1.jpg,Dragon Rest Blend in a 8oz glass essential oil bottle. Comes with pipette for your convenience.
SO PMS Be Gone 16oz,16oz,B00SI5A5E0,59.99,https://397-images.s3.amazonaws.com/sun_organic/sun_essential_oils/SEO_label_PMSGone_16oz_v1.jpg,Dragon Rest Blend in a 16oz glass essential oil bottle. Comes with pipette for your convenience.
SO Protect Blend StayAlert 2oz,2oz,B00SI5AJUA,11.99,https://397-images.s3.amazonaws.com/sun_organic/sun_essential_oils/SEO_label_ProtectiveAlert_2oz_v1.jpg,Protective Blend in a 2oz glass essential oil bottle. Comes with pipette for your convenience.
SO Protect Blend StayAlert 4oz,4oz,B00SI5AM34,19.99,https://397-images.s3.amazonaws.com/sun_organic/sun_essential_oils/SEO_label_ProtectiveAlert_4oz_v1.jpg,Protective Blend in a 4oz glass essential oil bottle. Comes with pipette for your convenience.
SO Protect Blend StayAlert 8oz,8oz,B00SI5AOI2,34.99,https://397-images.s3.amazonaws.com/sun_organic/sun_essential_oils/SEO_label_ProtectiveAlert_8oz_v1.jpg,Protective Blend in a 8oz glass essential oil bottle. Comes with pipette for your convenience.
SO Protect Blend StayAlert 16oz,16oz,B00SI5AG8A,59.99,https://397-images.s3.amazonaws.com/sun_organic/sun_essential_oils/SEO_label_ProtectiveAlert_16oz_v1.jpg,Protective Blend in a 16oz glass essential oil bottle. Comes with pipette for your convenience.
SO Clean the Air 2oz,2oz,B00SI5ALAS,11.99,https://397-images.s3.amazonaws.com/sun_organic/sun_essential_oils/SEO_label_CleantheAir_2oz_v1.jpg,Cleaning Blend in a 2oz glass essential oil bottle. Comes with pipette for your convenience.
SO Clean the Air 4oz,4oz,B00SI5AO5K,19.99,https://397-images.s3.amazonaws.com/sun_organic/sun_essential_oils/SEO_label_CleantheAir_4oz_v1.jpg,Cleaning Blend in a 4oz glass essential oil bottle. Comes with pipette for your convenience.
SO Clean the Air 8oz,8oz,B00SI5AQY4,34.99,https://397-images.s3.amazonaws.com/sun_organic/sun_essential_oils/SEO_label_CleantheAir_8oz_v1.jpg,Cleaning Blend in a 8oz glass essential oil bottle. Comes with pipette for your convenience.
SO Clean the Air 16oz,16oz,B00SI5AIC4,59.99,https://397-images.s3.amazonaws.com/sun_organic/sun_essential_oils/SEO_label_CleantheAir_16oz_v1.jpg,Cleaning Blend in a 16oz glass essential oil bottle. Comes with pipette for your convenience.
SO Cleanse Bdy&Mnd 2oz,2oz,B00SI5AT28,11.99,https://397-images.s3.amazonaws.com/sun_organic/sun_essential_oils/SEO_label_Cleanse_2oz_v1.jpg,Purification Blend in a 2oz glass essential oil bottle. Comes with pipette for your convenience.
SO Cleanse Bdy&Mnd 4oz,4oz,B00SI5AWG6,19.99,https://397-images.s3.amazonaws.com/sun_organic/sun_essential_oils/SEO_label_Cleanse_4oz_v1.jpg,Purification Blend in a 4oz glass essential oil bottle. Comes with pipette for your convenience.
SO Cleanse Bdy&Mnd 8oz,8oz,B00SI5B06M,34.99,https://397-images.s3.amazonaws.com/sun_organic/sun_essential_oils/SEO_label_Cleanse_8oz_v1.jpg,Purification Blend in a 8oz glass essential oil bottle. Comes with pipette for your convenience.
SO Cleanse Bdy&Mnd 16oz,16oz,B00SI5AQS0,59.99,https://397-images.s3.amazonaws.com/sun_organic/sun_essential_oils/SEO_label_Cleanse_16oz_v1.jpg,Purification Blend in a 16oz glass essential oil bottle. Comes with pipette for your convenience.
SO Calm the House 2oz,2oz,B00SI5AXCY,11.99,https://397-images.s3.amazonaws.com/sun_organic/sun_essential_oils/SEO_label_CalmHouse_2oz_v1.jpg,"Calm Body, Calm Mind Blend in a 2oz glass essential oil bottle. Comes with pipette for your convenience."
SO Calm the House 4oz,4oz,B00SI5B0FS,19.99,https://397-images.s3.amazonaws.com/sun_organic/sun_essential_oils/SEO_label_CalmHouse_4oz_v1.jpg,"Calm Body, Calm Mind Blend in a 4oz glass essential oil bottle. Comes with pipette for your convenience."
SO Calm the House 8oz,8oz,B00SI5B2XS,34.99,https://397-images.s3.amazonaws.com/sun_organic/sun_essential_oils/SEO_label_CalmHouse_8oz_v1.jpg,"Calm Body, Calm Mind Blend in a 8oz glass essential oil bottle. Comes with pipette for your convenience."
SO Calm the House 16oz,16oz,B00SI5AU6I,59.99,https://397-images.s3.amazonaws.com/sun_organic/sun_essential_oils/SEO_label_CalmHouse_16oz_v1.jpg,"Calm Body, Calm Mind Blend in a 16oz glass essential oil bottle. Comes with pipette for your convenience."
SO Relax 2oz,2oz,B00SI5B54O,11.99,https://397-images.s3.amazonaws.com/sun_organic/sun_essential_oils/SEO_label_Relax_2oz_v1.jpg,Relaxation Blend in a 2oz glass essential oil bottle. Comes with pipette for your convenience.
SO Relax 4oz,4oz,B00SI5B8Q4,19.99,https://397-images.s3.amazonaws.com/sun_organic/sun_essential_oils/SEO_label_Relax_4oz_v1.jpg,Relaxation Blend in a 4oz glass essential oil bottle. Comes with pipette for your convenience.
SO Relax 8oz,8oz,B00SI5BCKQ,34.99,https://397-images.s3.amazonaws.com/sun_organic/sun_essential_oils/SEO_label_Relax_8oz_v1.jpg,Relaxation Blend in a 8oz glass essential oil bottle. Comes with pipette for your convenience.
SO Relax 16oz,16oz,B00SI5B2YM,59.99,https://397-images.s3.amazonaws.com/sun_organic/sun_essential_oils/SEO_label_Relax_16oz_v1.jpg,Relaxation Blend in a 16oz glass essential oil bottle. Comes with pipette for your convenience.
SO Four Knives 2oz,2oz,B00SI5DHCW,19.99,https://397-images.s3.amazonaws.com/sun_organic/sun_essential_oils/SEO_label_FourKnives_2oz_v1.jpg,Four Thieves in a 2oz glass essential oil bottle. Comes with pipette for your convenience.
SO Four Knives 4oz,4oz,B00SI5DK2O,34.99,https://397-images.s3.amazonaws.com/sun_organic/sun_essential_oils/SEO_label_FourKnives_4oz_v1.jpg,Four Thieves in a 4oz glass essential oil bottle. Comes with pipette for your convenience.
SO Four Knives 8oz,8oz,B00SI5DO0W,59.99,https://397-images.s3.amazonaws.com/sun_organic/sun_essential_oils/SEO_label_FourKnives_8oz_v1.jpg,Four Thieves in a 8oz glass essential oil bottle. Comes with pipette for your convenience.
SO Four Knives 16oz,16oz,B00SI5DDU8,99.99,https://397-images.s3.amazonaws.com/sun_organic/sun_essential_oils/SEO_label_FourKnives_16oz_v1.jpg,Four Thieves in a 16oz glass essential oil bottle. Comes with pipette for your convenience.
SO Stress Relief 2oz,2oz,B00SI5DO20,11.99,https://397-images.s3.amazonaws.com/sun_organic/sun_essential_oils/SEO_label_StressRelief_2oz_v1.jpg,Stress Relief blend in a 2oz glass essential oil bottle. Comes with pipette for your convenience.
SO Stress Relief 4oz,4oz,B00SI5DQZ0,19.99,https://397-images.s3.amazonaws.com/sun_organic/sun_essential_oils/SEO_label_StressRelief_4oz_v1.jpg,Stress Relief blend in a 4oz glass essential oil bottle. Comes with pipette for your convenience.
SO Stress Relief 8oz,8oz,B00SI5DU0G,34.99,https://397-images.s3.amazonaws.com/sun_organic/sun_essential_oils/SEO_label_StressRelief_8oz_v1.jpg,Stress Relief blend in a 8oz glass essential oil bottle. Comes with pipette for your convenience.
SO Stress Relief 16oz,16oz,B00SI5DKSS,59.99,https://397-images.s3.amazonaws.com/sun_organic/sun_essential_oils/SEO_label_StressRelief_16oz_v1.jpg,Stress Relief blend in a 16oz glass essential oil bottle. Comes with pipette for your convenience.
SO Good Night 2oz,2oz,B00SI5DTNY,14.99,https://397-images.s3.amazonaws.com/sun_organic/sun_essential_oils/SEO_label_GoodNight_2oz_v1.jpg,Good Night Blend in a 2oz glass essential oil bottle. Comes with pipette for your convenience.
SO Good Night 4oz,4oz,B00SI5DX08,24.99,https://397-images.s3.amazonaws.com/sun_organic/sun_essential_oils/SEO_label_GoodNight_4oz_v1.jpg,Good Night Blend in a 4oz glass essential oil bottle. Comes with pipette for your convenience.
SO Good Night 8oz,8oz,B00SI5E23A,34.99,https://397-images.s3.amazonaws.com/sun_organic/sun_essential_oils/SEO_label_GoodNight_8oz_v1.jpg,Good Night Blend in a 8oz glass essential oil bottle. Comes with pipette for your convenience.
SO Good Night 16oz,16oz,B00SI5DQKU,59.99,https://397-images.s3.amazonaws.com/sun_organic/sun_essential_oils/SEO_label_GoodNight_16oz_v1.jpg,Good Night Blend in a 16oz glass essential oil bottle. Comes with pipette for your convenience.
SO Headache Relief 2oz,2oz,B00SI5EIA2,11.99,https://397-images.s3.amazonaws.com/sun_organic/sun_essential_oils/SEO_label_HeadacheRelief_2oz_v1.jpg,Head Ease Blend in a 2oz glass essential oil bottle. Comes with pipette for your convenience.
SO Headache Relief 4oz,4oz,B00SI5ELUE,19.99,https://397-images.s3.amazonaws.com/sun_organic/sun_essential_oils/SEO_label_HeadacheRelief_4oz_v1.jpg,Head Ease Blend in a 4oz glass essential oil bottle. Comes with pipette for your convenience.
SO Headache Relief 8oz,8oz,B00SI5ERUI,34.99,https://397-images.s3.amazonaws.com/sun_organic/sun_essential_oils/SEO_label_HeadacheRelief_8oz_v1.jpg,Head Ease Blend in a 8oz glass essential oil bottle. Comes with pipette for your convenience.
SO Headache Relief 16oz,16oz,B00SI5EEBU,59.99,https://397-images.s3.amazonaws.com/sun_organic/sun_essential_oils/SEO_label_HeadacheRelief_16oz_v1.jpg,Head Ease Blend in a 16oz glass essential oil bottle. Comes with pipette for your convenience.
SO Harmony 2oz,2oz,B00SI5EXXO,11.99,https://397-images.s3.amazonaws.com/sun_organic/sun_essential_oils/SEO_label_Harmony_2oz_v1.jpg,Harmony Blend in a 2oz glass essential oil bottle. Comes with pipette for your convenience.
SO Harmony 4oz,4oz,B00SI5F0LI,19.99,https://397-images.s3.amazonaws.com/sun_organic/sun_essential_oils/SEO_label_Harmony_4oz_v1.jpg,Harmony Blend in a 4oz glass essential oil bottle. Comes with pipette for your convenience.
SO Harmony 8oz,8oz,B00SI5F4GO,34.99,https://397-images.s3.amazonaws.com/sun_organic/sun_essential_oils/SEO_label_Harmony_8oz_v1.jpg,Harmony Blend in a 8oz glass essential oil bottle. Comes with pipette for your convenience.
SO Harmony 16oz,16oz,B00SI5EUPK,59.99,https://397-images.s3.amazonaws.com/sun_organic/sun_essential_oils/SEO_label_Harmony_16oz_v1.jpg,Harmony Blend in a 16oz glass essential oil bottle. Comes with pipette for your convenience.
SO Hope 2oz,2oz,B00SI5FAVI,11.99,https://397-images.s3.amazonaws.com/sun_organic/sun_essential_oils/SEO_label_Hope_2oz_v1.jpg,Hope Blend in a 2oz glass essential oil bottle. Comes with pipette for your convenience.
SO Hope 4oz,4oz,B00SI5FDSI,19.99,https://397-images.s3.amazonaws.com/sun_organic/sun_essential_oils/SEO_label_Hope_4oz_v1.jpg,Hope Blend in a 4oz glass essential oil bottle. Comes with pipette for your convenience.
SO Hope 8oz,8oz,B00SI5FH16,34.99,https://397-images.s3.amazonaws.com/sun_organic/sun_essential_oils/SEO_label_Hope_8oz_v1.jpg,Hope Blend in a 8oz glass essential oil bottle. Comes with pipette for your convenience.
SO Hope 16oz,16oz,B00SI5F7YS,59.99,https://397-images.s3.amazonaws.com/sun_organic/sun_essential_oils/SEO_label_Hope_16oz_v1.jpg,Hope Blend in a 16oz glass essential oil bottle. Comes with pipette for your convenience.
SO GOLD Bergamot 2oz,2oz,B00RDKGY0U,19.99,https://397-images.s3.amazonaws.com/sun_organic/sun_essential_oils/SEO_label_Bergamot_2oz_v1.jpg,Bergamot in a 2oz glass essential oil bottle. Comes with pipette for your convenience.
SO GOLD Bergamot 4oz,4oz,B00RDKH02G,NULL,https://397-images.s3.amazonaws.com/sun_organic/sun_essential_oils/SEO_label_Bergamot_4oz_v1.jpg,Bergamot in a 4oz glass essential oil bottle. Comes with pipette for your convenience.
